_id,listName,limitDate,text,createdDate,isCheck
ObjectId(5522c1cb36381d702ea6c9a1),test,2015-04-15T00:00:00.000Z,is,2015-04-06T17:26:35.889Z,%!s(bool=false)
ObjectId(5522c31036381d702ea6c9a3),テスト,2015-04-15T00:00:00.000Z,ag,2015-04-06T17:32:00.906Z,%!s(bool=false)
ObjectId(5522c31736381d702ea6c9a4),テスト,2015-04-08T00:00:00.000Z,日本語,2015-04-06T17:32:07.153Z,%!s(bool=false)
ObjectId(5522c7bcdabd9f682b345b0e),test2,2015-04-08T00:00:00.000Z,test,2015-04-06T17:51:56.586Z,%!s(bool=true)
ObjectId(5522c7c1dabd9f682b345b0f),test2,2015-04-05T00:00:00.000Z,yya,2015-04-06T17:52:01.159Z,%!s(bool=true)
ObjectId(55232368693abc601f9fab32),test2,2015-04-08T00:00:00.000Z,テスト,2015-04-07T00:23:04.929Z,%!s(bool=true)
ObjectId(5523dca204b5652456eacf81),勉強,2015-04-16T00:00:00.000Z,テスト,2015-04-07T13:33:22.867Z,%!s(bool=false)
ObjectId(5523e10f04b5652456eacf82),test2,2015-04-09T00:00:00.000Z,テスト２,2015-04-07T13:52:15.865Z,%!s(bool=true)
ObjectId(5523f1dd04b5652456eacf84),学校,2015-04-22T00:00:00.000Z,レポート,2015-04-07T15:03:57.505Z,%!s(bool=false)
